id,Association,Population,Variant(s),Gene(s),PubMed
G414,non-significant,German ,Q/H 95,MTTP,15911777
G423,non-significant,Ashkenazi Jewish ,APM1+2019,ADIPOQ,18511746
G423,non-significant,Ashkenazi Jewish ,APM+2019,ADIPOQ,18511746
G517,significant,Italian,-308G/A,TNF,18511747
G525,Non-significant,Danish,-373(A)n(T)m,IL6,15130757
G534,significant,Danish,s647126,UCP3,24462499
G552,non-significant,Danish,Q95H,MTTP,16015282
1,non-significant,Dutch,HLA-B40,HLA-B,1859103
2,non-significant,Dutch,HLA-DRB5,HLA-DRB5,1859103
3,non-significant,Finnish,APOB,APOB,8018664
4,significant,Finnish,APOC3,APOC3,8018664
5,significant,Finnish,E2/E3/E4,APOE,8018664
6,significant,French,I/D,ACE,8136829
8,significant,Finnish,APOB,APOB,8155090
9,significant,Finnish,E2/E3/E4,APOE,8155090
10,significant,Swedish,E2/E3/E4,APOE,8403397
11,non-significant,Italian,E2/E3/E4,APOE,8541369
12,significant,Italian,APOB,APOB,9050915
13,significant,English (Cambridge),I/D,ACE,9105559
14,significant,English (Cambridge),APOC1,APOC1,9105559
15,non-significant,English (Cambridge),E2/E3/E4,APOE,9105559
16,non-significant,English (Cambridge),677C/T,MTHFR,9105559
17,non-significant,Italian,R353Q,F7,9108791
18,non-significant,Italian,-455G/A,FGB,9108791
19,significant,Italian,1-bp guanine deletion/insertion (4G/5G),SERPINE1,9108791
20,non-significant,Danish,I/D,ACE,9170397
21,non-significant,Spanish,CYP2D6,CYP2D6,9177672
22,non-significant,Spanish,CYP2E1,CYP2E1,9177672
23,non-significant,Spanish,NAT2,NAT2,9177672
24,significant,French,HLA-DRB1,HLA-DRB1,9425225
25,non-significant,French,APOA4,APOA4,9533408
27,non-significant,French,GSTM1,GSTM1,9654200
28,significant,French,I/D,ACE,9761238
29,significant,English (Caucasian) and Nigerian,638G/A,SULT1A1,9854023
30,non-significant,Italian,PARP1,PARP1,9887369
31,non-significant,Italian,REN,REN,9887369
32,non-significant,Italian,401C/T,SOD2,9887369
33,significant,Italian,TH,TH,9887369
34,non-significant,"Finnish, American, Mexican and Japanese",C1367R,WRN,10069711
35,non-significant,Italian,CFB,CFB,10219002
36,non-significant,Italian,C3,C3,10219002
37,non-significant,Italian,C4A,C4A,10219002
38,non-significant,Danish,I/D,ACE,10494771
39,non-significant,Danish,M/T235,AGT,10494771
40,non-significant,Danish,20210G/A,F2,10494771
41,non-significant,Danish,R353Q,F7,10494771
42,non-significant,Danish,-455G/A,FGB,10494771
43,non-significant,Danish,33L/P,ITGB3,10494771
44,non-significant,Danish,114A/V,MTHFR,10494771
45,non-significant,Danish,PLAT,PLAT,10494771
46,non-significant,Danish,1-bp guanine deletion/insertion (4G/5G),SERPINE1,10494771
47,non-significant,Dutch,I/D,ACE,10520809
48,non-significant,Dutch,1-bp guanine deletion/insertion (4G/5G),SERPINE1,10520809
49,non-significant,Swiss,C677T,MTHFR,10583447
50,non-significant,Italian (Northern),CYP1A1,CYP1A1,11162685
51,non-significant,Italian (Northern),GSTM1,GSTM1,11162685
52,significant,Italian (Northern),GSTT1,GSTT1,11162685
53,significant,Russian,T-455C,APOC3,11193221
54,significant,Finnish,E2/E3/E4,APOE,11213279
55,non-significant,French,I/D,ACE,11280044
56,significant,French,E2/E3/E4,APOE,11280044
57,non-significant,German ,1-bp guanine deletion/insertion (4G/5G),SERPINE1,11485022
58,significant,Italian,-174C/G,IL6,11500818
59,non-significant,American (Caucasian),G1691A,F5,11568114
60,non-significant,American (Caucasian),C807T,ITGA2,11568114
61,significant,American (Caucasian),T1565C,ITGB3,11568114
62,non-significant,American (Caucasian),C677T,MTHFR,11568114
63,non-significant,American (Caucasian),20210G/A,F2,11568114
64,non-significant,American (Caucasian),I/D,ACE,11568114
65,non-significant,Danish,I/D,ACE,11602206
66,significant,Danish,M/T235,AGT,11602206
67,non-significant,Danish,20210G/A,F2,11602206
68,non-significant,Danish,F7,F7,11602206
69,non-significant,Danish,-455G/A,FGB,11602206
70,significant,Chinese (Uighur in Xinjiang),E2/E3/E4,APOE,11640949
71,non-significant,Finnish,IL10,IL10,11640949
72,non-significant,Finnish,-889C/T,IL1A,11640949
73,non-significant,Finnish,IL1B,IL1B,11640949
74,non-significant,Finnish,IL1RN,IL1RN,11640949
75,non-significant,Finnish,IL6,IL6,11640949
76,non-significant,Finnish,-308G/A,TNF,11640949
77,non-significant,Italian,IGF2,IGF2,11672987
78,non-significant,Italian,FokI RFLP,INS,11672987
79,significant,"Chinese (Uighur, Kazakh and Han in Xinjiang)",I/D,ACE,11773214
80,non-significant,American (Caucasians) and Italian,BRCA1,BRCA1,11795532
81,significant,Italian,874T/A,IFNG,11857058
82,significant,Italian,-1082G/A,IL10,11857058
83,significant,Italian (Sicily),C282Y,HFE,11857058
84,non-significant,Italian (Northern),FAS,FAS,11965496
85,non-significant,Italian (Northern),FASLG,FASLG,11965496
86,significant,Italian,Q192R,PON1,12082503
87,non-significant,Polish,I/D,ACE,12152254
88,non-significant,Brazilian,E2/E3/E4,APOE,12185856
89,significant,Italian,TH,TH,12297342
90,non-significant,Chinese,5178A,ND2,12384792
91,significant,Danish,I/D,ACE,12547486
92,non-significant,Italian (Southern),APOC3-SstI-RFLP,APOC3,12556235
93,significant,Italian (Southern),APOA1-MspI-RFLP,APOA1,12556235
94,non-significant,Italian (Southern),APOA4-HincII-RFLP,APOA4,12556235
95,significant,Japanese,(GT)n repeat,HMOX1,12566526
96,non-significant,Japanese,R219K,ABCA1,12601526
97,non-significant,Japanese,CETP,CETP,12601526
98,non-significant,Japanese,C-514T,LIPC,12601526
99,non-significant,Japanese,LPL,LPL,12601526
100,non-significant,Korean,I/D,ACE,12634288
101,non-significant,Korean,E2/E3/E4,APOE,12634288
102,significant,American (Caucasian),AKAP10,AKAP10,12646697
103,significant,Italian,-1082G/A,IL10,12676903
104,non-significant,Italian,-308G/A,TNF,12676903
105,non-significant,Italian (Northern and Central),-511C/T,IL1B,12714264
106,non-significant,Italian (Northern and Central),IL1RN,IL1RN,12714264
107,non-significant,Italian (Nothern and Central),-889C/T,IL1A,12714264
108,non-significant,Irish (Northern),-174C/G,IL6,12714267
109,significant,Irish,T2437C,HSPA1L,12714268
110,non-significant,Irish,IFNG,IFNG,12714268
111,non-significant,Irish,-1082G/A,IL10,12714268
112,non-significant,Irish,IL12A,IL12A,12714268
113,non-significant,Irish,-330T/G,IL2,12714268
114,non-significant,Irish,-174C/G,IL6,12714268
115,non-significant,Irish,IL8,CXCL8,12714268
116,non-significant,Irish (Belfast),HLA-A,HLA-A,12714268
117,non-significant,Irish (Belfast),HLA-B,HLA-B,12714268
118,non-significant,Irish (Belfast),HLA-DRB3,HLA-DRB3,12714268
119,non-significant,Irish (Belfast),252A/G,LTA,12714268
120,non-significant,Irish (Belfast),-308G/A,TNF,12714268
121,non-significant,Italian,97347T/C,FOXO1,12843179
122,non-significant,Italian,IRS1,IRS1,12843179
123,non-significant,Italian,PIK3CB,PIK3CB,12843179
124,significant,French,Q192R,PON1,12889841
125,non-significant,"Italian, French and Danish",I/D,ACE,12954489
126,non-significant,American,I550V,SLC13A2,14499494
127,significant,Italian (Southern),-110A/C,HSPA1A,14501185
128,significant,Brazilian of European and Japanese origin,I/D,ACE,14528043
129,non-significant,Japanese,SHC1,SHC1,14530863
130,significant,Ashkenazi Jewish ,I405V,CETP,14559957
131,significant,Italian (Southern),G477T,SIRT3,14580859
132,significant,Russian (Novosibirsk),I/D,ACE,14743603
133,significant,Russian (Novosibirsk),E2/E3/E4,APOE,14743603
134,non-significant,Dutch,Met(410)Val,SHC1,15036421
135,significant,Italian and N. Irish,Q192R,PON1,15050299
136,non-significant,Bulgarian,HLA-A,HLA-A,15050300
137,non-significant,Bulgarian,HLA-B,HLA-B,15050300
138,non-significant,Bulgarian,HLA-C,HLA-C,15050300
139,non-significant,Bulgarian,874T/A,IFNG,15050300
140,non-significant,Bulgarian,-174C/G,IL6,15050300
141,non-significant,Bulgarian,TGFB1,TGFB1,15050300
142,non-significant,Bulgarian,-308G/A,TNF,15050300
143,non-significant,Irish,KIR3DL1,KIR3DL1,15130674
144,non-significant,Danish,GP1BA,GP1BA,15177664
145,non-significant,Danish,114A/V,MTHFR,15177664
146,non-significant,Danish,1-bp guanine deletion/insertion (4G/5G),SERPINE1,15177664
147,significant,German ,V432L,CYP1B1,15177664
148,non-significant,German ,GSTM1,GSTM1,15177664
149,non-significant,German ,I105V,GSTP1,15177664
150,non-significant,German ,GSTT1,GSTT1,15177664
151,significant,Danish,-110A/C,HSPA1A,15190186
152,non-significant,Danish,2437T/C,HSPA1L,15190186
153,significant,Italian (Sicily),-107T/C,PON1,15236768
154,significant,Italian,PPARG,PPARG,15236769
155,non-significant,Italian (Southern),-174C/G,IL6,15236771
156,non-significant,Danish,-262C/T,CAT,15241482
157,significant,Danish,-174C/G,IL6,15241482
158,significant,Danish,Q192R,PON1,15241482
159,non-significant,Danish,-308G/A,TNF,15271127
160,significant,Dutch,ER22/23EK,NR3C1,15276593
161,non-significant,Irish,KIR3DL1,KIR3DL1,15288696
162,non-significant,Italian (Sardinia),874T/A,IFNG,15462469
163,non-significant,Italian (Sardinia),-1082G/A,IL10,15462469
164,non-significant,Italian (Sardinia),-174C/G,IL6,15462469
165,significant,Italian,Asp299Gly,TLR4,15547160
166,significant,Chinese (Uighur in Xinjiang),I/D,ACE,15569453
167,non-significant,Japanese,FOXO1,FOXO1,15582274
168,significant,Japanese,INSR,INSR,15582274
169,non-significant,Japanese,IRS1,IRS1,15582274
170,non-significant,Japanese,PIK3CB,PIK3CB,15582274
171,non-significant,Japanese,PIK3CG,PIK3CG,15582274
172,non-significant,Japanese,PPARGC1A,PPARGC1A,15582274
173,non-significant,Ashkenazi Jewish (Jerusalem),E2/E3/E4,APOE,15621215
174,non-significant,Ashkenazi Jewish (Jerusalem),Arg/Gln R353Q,F7,15621215
175,significant,Ashkenazi Jewish (Jerusalem),A/G ApaI site,IGF2,15621215
176,non-significant,Ashkenazi Jewish (Jerusalem),C677T,MTHFR,15621215
177,non-significant,Ashkenazi Jewish (Jerusalem),C9T,SOD2,15621215
178,significant,Finnish,-174C/G,IL6,15664628
179,significant,Italian (Southern),VNTR,SIRT3,15676284
180,significant,Dutch,GH1,GH1,15771611
181,non-significant,Dutch,GHRHR,GHRHR,15771611
182,non-significant,Dutch,IGF1,IGF1,15771611
183,non-significant,Dutch,INS,INS,15771611
184,non-significant,Dutch,IRS1,IRS1,15771611
185,non-significant,Dutch,16C/T,SOD2,15771611
186,non-significant,Dutch,UCP2,UCP2,15771611
187,non-significant,Italian,I405V,CETP,15888337
188,significant,American (Caucasian),-438A/G,CPB2,15939070
189,non-significant,American (Caucasian),-455G/A,FGB,15939070
190,non-significant,American (Caucasian),-174C/G,IL6,15939070
191,non-significant,American (Caucasian),1-bp guanine deletion/insertion (4G/5G),SERPINE1,15939070
192,significant,Chinese (Uighur in Xinjiang),E2/E3/E4,APOE,16086293
193,significant,Japanese,SLC6A4,SLC6A4,16095668
194,significant,German ,D919G,MTR,16142417
195,non-significant,German ,SIRT1,SIRT1,16257164
196,non-significant,Mexican,HLA-B,HLA-B,16269080
197,non-significant,Mexican,HLA-DQA1,HLA-DQA1,16269080
198,non-significant,Mexican,HLA-DRB1*11,HLA-DRB1,16269080
199,significant,Mexican,-308G/A,TNF,16269080
200,significant,Italian (Sicily),M694V,MEFV,16387839
201,significant,Japanese,-819C/T,IL10,16424284
202,non-significant,Japanese,-607A/C,IL18,16424284
203,non-significant,Japanese,-511C/T,IL1B,16424284
204,non-significant,Japanese,-634C/G,IL6,16424284
205,non-significant,Japanese,-1607 1G/2G,MMP1,16424284
206,non-significant,Japanese,-1171 5A/6A,MMP3,16424284
207,non-significant,Japanese,869T/C,TGFB1,16424284
208,non-significant,Japanese,-1031T/C,TNF,16424284
209,non-significant,Italian (Central and Southern),-330T/G,IL2,16518704
210,non-significant,English,T241M,XRCC3,16518718
211,non-significant,English,I134T,XRCC4,16518718
212,non-significant,English,XRCC5,XRCC5,16518718
213,non-significant,Danish,GSTM1,GSTM1,16574194
214,significant,Danish,GSTT1,GSTT1,16574194
216,non-significant,Italian (Sicily),1249-1250InsACAA/Non-Ins,TGFB2,16608413
217,non-significant,Italian (Sardinia),HLA-DQA1,HLA-DQA1,16608414
218,non-significant,Italian (Sardinia),HLA-DQB1,HLA-DQB1,16608414
219,significant,Italian,YTHDF2,YTHDF2,16799135
220,significant,Danish,-110A/C,HSPA1A,16804002
221,significant,Danish,1267A/G,HSPA1B,16804002
222,non-significant,German ,FCGR2A-His131Ar,FCGR2A,16893392
223,significant,Italian,647A/C,MT1A,16955215
224,significant,Italian (Southern),I/D,ACE,16960022
225,significant,Italian (Southern),E2/E3/E4,APOE,16960022
226,non-significant,German ,CNDP1,CNDP1,16965804
227,significant,Columbian,I/D,ACE,16971231
228,non-significant,Columbian,APOE,APOE,16971231
229,significant,Italian (Sicily),SERPINE1,SERPINE1,17048073
230,non-significant,Italian,I/D,ACE,17182125
231,significant,Greek,E2/E3/E4,APOE,17234815
233,non-significant,German ,Asp299Gly,TLR4,17493663
234,non-significant,Ashkenazi Jewish ,IGF1,IGF1,18316725
235,significant,Italian,KL-VS,KL,19421891
236,significant,Polish,Lys751Gln,ERCC2,19707883
237,non-significant,Ashkenazi Jewish ,TSHB,TSHB,19837933
238,significant,"Mediterranean (Italian, Greek and Tunisian)",CHIT1,CHIT1,19881466
239,significant,Italian,Gly1057Asp-IRS2,IRS2,19887537
240,significant,Ashkenazi Jewish ,TERC,TERC,19915151
241,significant,Ashkenazi Jewish ,TERT,TERT,19915151
242,significant,Italian,ADA*2,ADA2,20174870
243,non-significant,Chinese (Han),IGF1,IGF1,20199671
247,significant,Italian (Palermo),DRB1*18,HLA-DRB1,20426625
248,significant,Jordanian,-1082G/A,IL10,20518833
249,non-significant,Jordanian,-308G/A,TNF,20518833
250,significant,American (Georgia and Louisiana populations from African and European origin),APOE,APOE,20569235
252,significant,Italian (Salerno),ESR1,ESR1,20819792
257,non-significant,German ,TH01,TH,21407269
285,significant,Polish,-11391G > A,ADIPOQ,23339001
287,significant,American (Caucasian),D4S1564,TP53,11526246
290,significant,Italian (Central),MNS16A,TERT,23562826
291,non-significant,Italian (Central),PTPN22,PTPN22,21113673
292,significant,Chinese,I/D,ACE,22456784
297,significant,American (Caucasian),DRD4 7R,DRD4,23283341
327,non-significant,Chinese (Guangxi Bama),mt146A,TP53,22729909
335,non-significant,Polish,PRNP,PRNP,23406923
341,significant,Italian (Southern),Pro12Ala,PPARG,22985084
347,non-significant,American (Utah),D3S3547,TP53,22506048
351,significant,Chinese (Zhuang),haplogroup F,ND5,21945877
352,significant,Japanese,Mt5178A/C,ND2,9449878
353,significant,Japanese,Mt8414C/T,ATP8,9449878
354,significant,Japanese,Mt3010G/A,RNR2,9449878
357,significant,Italian (Central),HP,HP,21147083
366,non-significant,Chinese (Han),MtC150T,TP53,21262335
367,non-significant,Jordanian,-9T/C,SOD2,20003469
368,non-significant,Jordanian,677C/T,MTHFR,20003469
371,significant,Japanese,14979C,TP53,18545700
372,significant,Italian (Northern),VEGFA,VEGFA,17574707
373,significant,"Ashkenazi Jewish, Czechs (Bohemian)",KL-VS,KL,15677572
374,significant,Ashkenazi Jewish ,CETP,CETP,15621216
376,significant,Italian (Sicily),C282Y,HFE,11857056
377,significant,Italian,874T/A,IFNG,11772518
378,significant,Irish (Belfast),E2/E3/E4,APOE,11470126
380,significant,Chinese (Han),E2/E3/E4,APOE,9792194
381,significant,Japanese,HLA-DQA1,HLA-DQA1,2889033
382,significant,Japanese,HLA-DRB1,HLA-DRB1,2889033
383,significant,Irish,T2437C,HSPA1L,12742533
388,significant,Caucasian,-374T/A,AGER,24284407
389,significant,Spanish,E4,UBE4B,24534555
391,non-significant,Chinese,I405V,CETP,24746514
G397,significant,Japanese (Okinawa),"DQA10101=0104,DQA105",HLA-DQA1,9389323
G398,significant,Japanese (Okinawa),"DQB105,DQB103",HLA-DQB1,9389323
G399,significant,Japanese (Okinawa),"DRB1*1401,DRB1*0101,DRB1*1201",HLA-DRB1,9389323
G400,non-significant,French,"A2637,G1934A",CYP2D6,9654200
G401,non-significant,French,"C481T,G590A,G857A,G191A",NAT2,9654200
G402,non-significant,French,"C402T,T1011C,G1215A,T2444C",PARP1,11097112
G403,non-significant,Finnish and Mexican,"L1074F,C1367R",WRN,11186893
G404,significant,Danish,"R/Q353,FVII-323ins10",F7,11602206
G405,significant,"Czechs (Bohemian), Americans (Baltimore Caucasians and African-Americans)","F352V,C370S",KL,11792841
G406,non-significant,Italian (Sardinia),"C282Y,H63D,S65C",HFE,12714263
G407,significant,Italian,"G/A,codon 1013",IGF1R,12843179
G408,non-significant,Bulgarian,"DQB105,DQB103",HLA-DQB1,15050300
G409,non-significant,Bulgarian,"DRB111,DRB113",HLA-DRB1,15050300
G410,non-significant,Bulgarian,"-1082G/A,-819C/T,-592C/A",IL10,15050300
G411,non-significant,German ,"T461N,3801T/ C",CYP1A1,15177664
G412,significant,Italian (Northern),"TP53,GSTT1","TP53,GSTT1",15195682
G413,significant,Italian,"-800G/A,-509C/T,869T/C,915G/C",TGFB1,15569360
G416,non-significant,Dutch,"i1-C/T,L1074F,C1367R",WRN,16405962
G417,significant,Korean,"C670,A676,T1172",MLH1,16474933
G418,non-significant,English,"R194W,R399Q",XRCC1,16518718
G419,non-significant,Dutch,"-493G/T,Q95H",MTTP,16611701
G420,non-significant,Dutch,"ER22/23EK,N363S,BclI",NR3C1,16676134
G422,significant,Ashkenazi Jewish ,"1545G>A,4103C>T",IGF1R,18316725
G431,significant,Chinese (Uighur in Xinjiang),"A1267G,G190C,T2437C","HSPA1B,HSPA1A,HSPA1L",19840767
G436,significant,Danish,"1267A>G,2437T>C,-110A>C","HSPA1B,HSPA1L,HSPA1A",20388090
G438,significant,American (Georgia and Louisiana populations from African and European origin),"APOE,HRAS,CERS1","APOE,HRAS,CERS1",20569235
G446,non-significant,Ashkenazi Jewish ,"p.Y318C,p.V465A","PMS2,GABRR3",23376243
G452,non-significant,German ,"FOXO3,EXO1","FOXO3,EXO1",21740922
G457,significant,Dutch,"AKT1,AKT3,FOXO4,IGF2,INS,PIK3CA,SGK1,SGK3,YWHAG,POT1","AKT1,AKT3,FOXO4,IGF2,INS,PIK3CA,SGK1,SGK3,YWHAG,POT1",22113349
G461,significant,Dutch,"RHEB,RHOA,RICTOR,RPS6,RPS6KB1,SGK1,POLDIP3,SREBF1,TSC1,TSC2,ULK1,YY1,EIF4EBP1,AKT1,C12orf44,ATG13,DEPTOR,EIF4B,EIF4E,RB1CC1,FOXO1,FOXO3,HIF1A,MLST8,LAMTOR3,MAPKAP1,MTOR,LAMTOR2,CDKN2C,PPARGC1A,PRKCA,PPARG,AKT1S1,PRR5,PRR5L,RRAGA,RRAGB,RRAGC,RRAGD,RPTOR","RHEB,RHOA,RICTOR,RPS6,RPS6KB1,SGK1,POLDIP3,SREBF1,TSC1,TSC2,ULK1,YY1,EIF4EBP1,AKT1,ATG101,ATG13,DEPTOR,EIF4B,EIF4E,RB1CC1,FOXO1,FOXO3,HIF1A,MLST8,LAMTOR3,MAPKAP1,MTOR,LAMTOR2,CDKN2C,PPARGC1A,PRKCA,PPARG,AKT1S1,PRR5,PRR5L,RRAGA,RRAGB,RRAGC,RRAGD,RPTOR",23061800
G465,non-significant,European,"TH,IGF2,INS,HRAS","TH,IGF2,INS,HRAS",19367319
G487,significant,Chinese (Guangxi Bama),"mt146T,mt146C",,22729909
G499,significant,Italian (Southern),"A-3826G,C-3740A",UCP1,21827845
G520,non-significant,Italian (Sicily),"H63D,S65C",HFE,11857056
G522,significant,Irish,"16389g,16000g",TP53,11404057
G523,Non-significant,Irish,"mt9055A,mt5178A",TP53,11404057
G535,non-significant,Spanish,"E2,E3","DBT,DLD",24534555
G536,significant,Italian,"E2,E3,E4","DBT,DLD,UBE4B",24534555
G537,significant,Japanese,"E2,E3,E4","DBT,DLD,UBE4B",24534555
551,significant,Italian,Hinf347,APOA4,9622284
G554,non-significant,American (Georgia and Louisiana populations from African and European origin),"CERS1,HRAS","CERS1,HRAS",20569235
555,significant,Chinese,E4,UBE4B,24746514
559,significant,French,E2/E3/E4,APOE,8136829
258,significant,American (Caucasian),,TP53,20824210
261,non-significant,American (Caucasian),,TP53,20824210
280,significant,European,,TP53,23286790
281,significant,European,,TP53,23286790
282,significant,European,,TP53,23286790
283,significant,European,,TP53,23286790
293,non-significant,Chinese,,TP53,19641616
334,non-significant,English (Newcastle),,TP53,23639206
348,non-significant,American (Utah),,TP53,22506048
349,non-significant,American (Utah),,TP53,22506048
350,non-significant,American (Utah),,TP53,22506048
375,significant,Finnish,,TP53,12483296
379,significant,Italian,,TP53,10463944
387,significant,"European (Danish, Finnish, South Italian and Greek)",,TP53,24341918
557,non-significant,American (Caucasian),,TP53,20824210
558,non-significant,American (Caucasian),,TP53,20824210
